bedrooms,bathrooms,square_feet,age_years,price
3,2.0,1656,50,215000
2,1.0,896,49,105000
3,1.5,1329,52,172000
3,3.5,2110,42,244000
3,2.5,1629,13,189900
3,2.5,1604,12,195500
2,3.0,1338,9,213500
2,2.0,1280,18,191500
2,3.0,1616,15,236500
3,2.5,1804,11,189000
3,2.5,1655,17,175900
3,3.0,1187,18,185000
3,2.5,1465,12,180400
2,2.5,1341,20,171500
1,2.5,1502,25,212000
4,4.5,3279,7,538000
4,2.0,1752,22,164000
1,2.5,1856,0,394432
2,1.0,864,59,141000
3,3.0,2073,32,210000
3,2.0,1844,33,190000
3,3.0,1173,36,170000
3,3.5,1674,10,216000
2,2.0,1004,40,149000
3,2.5,1078,39,149900
3,2.0,1056,42,142000
2,2.0,882,40,126000
3,1.0,864,39,115000
2,3.0,1337,11,184000
2,1.5,987,39,96000
3,1.5,1092,39,105500
3,1.5,1092,39,88000
2,2.0,1069,33,127500
3,2.5,1456,35,149900
2,1.0,836,35,120000
3,2.5,1456,32,146000
3,2.5,2334,1,376162
3,3.0,1704,3,306000
3,3.5,1940,1,395192
3,2.0,1544,1,290941
3,2.0,1541,5,220000
3,2.0,1698,5,275000
3,2.0,1822,5,259000
3,2.0,1535,6,214000
2,3.5,2364,1,611657
2,3.0,1358,1,224000
3,3.5,2696,7,500000
3,3.5,2250,8,320000
2,3.0,1752,5,319900
2,2.0,1370,4,205000
2,2.5,1626,7,175500
3,2.0,1324,5,199500
2,2.0,1145,4,160000
2,2.0,1269,6,192000
3,3.5,1374,6,184500
4,3.5,1960,8,216500
3,2.5,1733,6,185088
3,2.5,1430,10,180000
3,2.5,2035,9,222500
4,2.5,2599,11,333168
4,2.5,2475,12,355000
3,3.0,1720,14,260400
3,3.5,2622,16,325000
4,2.5,2270,11,290000
4,2.5,1839,12,221000
4,3.5,3238,15,410000
2,2.0,1595,5,221500
2,2.0,1218,1,204500
3,2.5,1547,1,215200
3,3.0,1566,2,262500
3,2.5,1947,6,254900
2,3.0,1468,5,271500
4,3.5,2084,6,233000
3,2.5,1659,6,181000
3,3.5,2110,16,205000
2,2.0,923,30,143000
3,2.5,1845,18,189000
2,2.0,918,31,99500
2,2.0,752,26,125000
3,2.5,1744,17,194500
3,2.0,1097,26,152000
3,2.5,1564,30,171000
2,1.0,1012,90,67500
4,2.0,1902,32,112000
3,2.0,1155,49,148000
3,2.0,894,45,138500
3,1.0,900,43,122000
3,2.5,1040,47,133000
3,2.5,1040,48,127000
3,3.0,1494,36,169000
3,3.5,1923,18,190000
4,3.5,2349,17,362500
4,3.5,2225,18,285000
2,3.0,1488,6,260000
2,2.5,1680,6,190000
2,2.5,1200,6,155000
2,2.5,1200,6,151000
2,3.5,1200,6,149500
2,3.5,1236,5,152000
2,3.5,1478,1,222000
3,2.5,1573,10,177500
2,3.5,1512,10,177000
3,3.5,1416,11,155000
2,2.5,1080,7,147110
1,2.5,1418,0,267916
3,3.5,1848,10,254000
1,2.0,788,30,155000
1,2.0,1226,32,206000
3,2.5,1479,34,130500
3,3.0,1492,8,230000
4,3.0,1829,43,218500
4,3.5,2495,17,243500
3,3.0,1610,33,205000
3,3.5,1891,32,212500
3,2.5,1714,22,196500
3,2.5,1381,38,197500
4,2.0,1645,39,171000
3,2.5,1232,44,142250
3,2.5,1328,47,143000
3,2.5,1225,51,128950
3,2.0,1209,44,159000
3,3.0,1510,43,178900
3,2.0,1775,46,136300
3,2.0,1152,46,180500
3,2.0,1054,47,137500
6,4.0,1728,48,84900
2,2.0,1078,60,142125
3,2.0,2461,58,197600
3,2.0,1556,61,172500
2,2.0,858,52,116500
3,1.0,1306,70,76500
3,2.0,1063,56,128000
3,2.0,1520,55,153000
2,1.0,1268,56,132000
2,2.0,1128,44,178000
5,2.0,2274,50,154300
3,3.0,2207,40,180000
2,2.5,1888,44,190000
4,2.0,1604,52,135000
3,3.0,1480,7,214000
3,2.0,1143,51,136000
4,2.0,1700,51,165500
3,2.0,1314,53,145000
3,2.0,1194,51,148000
3,2.0,1188,51,142000
3,2.0,1264,50,167500
3,1.0,1206,51,108538
3,2.5,1580,51,159500
3,1.0,1337,54,108000
2,1.5,1064,58,135000
3,1.0,972,55,122500
2,2.0,988,52,119000
3,2.0,1057,57,109000
2,1.5,985,90,105000
2,1.0,827,55,107500
3,2.0,1086,56,144900
2,2.0,936,54,129000
3,1.5,1458,62,97500
0,2.0,1056,30,144000
3,2.0,1287,51,162000
5,2.5,2978,43,242000
3,2.0,1224,62,132000
3,2.5,1246,51,154000
4,2.0,1385,58,166000
3,1.5,900,59,134800
3,1.5,1116,48,160000
3,1.5,1175,50,148000
2,2.0,1395,47,192000
4,1.5,1839,44,155000
3,2.0,1844,110,80400
3,1.0,1140,100,96500
2,2.0,936,90,109500
2,1.0,1028,83,115000
3,2.5,1347,53,143000
3,2.0,1605,95,107400
2,1.0,747,65,80000
2,2.0,804,70,119000
3,2.0,1316,81,130000
3,1.0,1251,72,119000
3,1.0,1633,62,129000
3,1.0,1245,90,100000
2,1.0,832,87,12789
2,1.0,720,82,105900
3,2.0,1566,110,150000
4,3.0,1652,95,139000
3,3.0,2268,120,240000
4,2.0,2256,100,76500
2,2.0,1236,53,149700
3,1.0,1363,100,125500
4,2.0,2290,125,122500
2,1.5,1470,88,140750
3,1.5,1612,60,128500
3,1.5,2068,88,209500
2,2.0,765,85,87000
2,2.0,1132,71,134000
3,2.0,1196,70,128000
3,1.5,1453,68,132000
3,1.5,1416,62,139900
2,1.0,1040,74,123900
4,2.0,1536,80,138400
2,2.0,1068,87,109500
3,2.0,1710,89,140000
4,1.5,1962,95,149500
3,1.5,1560,98,159900
3,1.5,1324,90,122000
2,2.0,816,47,110000
3,2.0,1092,80,55000
4,2.0,1812,110,140000
4,2.0,2403,70,244400
3,2.0,1675,51,173000
3,1.5,1224,93,107500
3,2.0,1392,95,100000
3,1.0,919,70,95000
4,1.5,1884,103,93369
2,3.0,1680,100,114900
2,1.0,1020,135,94000
4,4.0,1832,43,136000
4,2.0,1768,42,136500
3,2.5,1039,45,131500
3,2.5,1392,53,121500
3,1.0,912,43,125000
3,2.0,1060,42,154000
3,2.0,892,44,137900
4,1.5,1352,41,158000
2,2.0,864,42,137250
3,2.0,1373,32,160250
4,1.5,1440,42,163000
3,2.5,1386,32,158900
3,3.5,2260,14,328000
1,2.5,1483,33,270000
2,1.0,756,83,85000
2,2.0,1067,60,128000
0,2.5,1524,31,260000
4,3.5,1981,32,230000
4,2.5,1610,72,124000
2,1.0,835,90,83000
3,2.0,1074,60,144500
3,2.0,1144,54,129000
3,1.0,1531,63,127000
3,2.0,1172,56,128000
3,2.0,1212,1,186000
1,2.0,1508,1,308030
3,2.0,1298,46,114000
2,1.0,930,64,84900
3,2.5,1732,25,178000
1,2.5,1433,23,270000
3,3.0,1802,17,218000
3,3.5,1949,17,236000
2,2.0,996,18,147000
3,2.0,1694,2,245350
2,3.0,1208,4,206000
3,2.0,1226,1,198900
2,2.0,1222,0,187000
5,4.0,3222,20,320000
3,2.0,1445,110,138500
3,2.0,1052,39,155000
2,2.0,965,14,159000
3,2.5,1692,13,191000
3,2.5,1682,12,200500
3,2.5,1026,33,150000
3,1.5,1392,33,161750
3,2.0,894,34,128200
3,2.0,876,38,127000
3,3.5,1978,7,318000
3,3.0,1601,9,272000
3,3.5,1829,7,237000
4,2.5,2098,13,240000
3,2.0,1661,12,224900
1,2.0,848,7,143750
1,2.0,848,6,143000
3,3.0,1668,7,232000
3,3.0,1484,6,213000
3,2.0,1414,6,185500
2,1.0,640,65,84900
3,1.0,992,56,155891
4,2.0,1664,45,100000
3,2.0,1196,42,144000
2,1.0,1120,62,64000
3,2.0,1096,35,125200
3,2.0,1117,34,107000
3,1.0,960,52,90000
2,2.0,1121,7,140000
3,1.5,1487,65,113000
2,2.0,924,69,80000
4,1.0,1526,53,144500
2,2.0,1296,86,104000
4,2.5,1647,95,128000
2,2.0,864,96,58500
3,2.0,1691,86,127000
2,2.0,856,71,126000
6,3.0,2650,43,160000
3,2.0,1666,79,100000
4,2.0,2447,91,169000
4,2.5,2133,69,257500
5,2.5,2177,60,215000
4,2.0,2340,69,266500
3,3.0,1902,51,335000
3,3.5,1652,16,203135
1,2.0,1034,21,185000
2,2.0,1191,21,162500
1,3.0,1801,51,289000
3,2.0,1154,88,125500
1,1.0,540,69,82000
2,1.0,1107,89,110000
2,1.0,1128,90,68400
2,1.0,1178,110,102776
2,1.0,1044,58,55993
3,1.0,952,114,50138
2,3.5,1646,6,246000
3,3.5,1916,12,254900
3,2.5,1285,33,190000
3,2.0,1560,7,201000
3,2.0,1034,34,169900
5,3.0,2048,34,170000
3,2.0,1687,62,160000
3,3.0,1346,2,220000
2,2.0,1214,1,179781
3,2.5,1444,4,174000
4,2.5,1968,1,269500
4,3.5,1894,8,214900
4,2.5,1908,8,202900
3,2.0,2018,2,378500
2,2.0,1264,45,169000
3,2.0,1430,6,173500
4,3.0,1824,39,139000
3,2.0,1344,11,166500
3,1.5,1092,37,83500
2,2.5,945,37,119500
3,1.5,1112,34,85000
3,1.5,1092,40,76000
1,2.0,630,38,75500
3,1.5,1092,40,88250
3,1.5,1092,38,85500
3,1.0,874,39,130000
3,1.0,1188,48,157900
2,2.0,833,26,149900
4,5.0,2432,25,159000
3,1.5,1274,19,136000
5,2.0,1479,41,161000
3,4.0,1803,16,285000
3,3.5,1797,17,231000
2,1.0,882,53,124500
4,3.0,1434,35,157000
4,3.5,2704,37,345000
3,2.5,1608,12,189500
4,2.5,2283,6,270000
3,2.5,1628,13,189000
3,3.0,1746,3,377500
3,2.5,1474,14,168500
1,3.0,2522,5,375000
2,3.0,1659,9,278000
2,3.0,1478,11,240000
2,3.0,1734,14,239500
3,2.5,1382,11,177500
3,2.5,1718,11,185000
3,3.5,1636,11,191000
3,2.5,1571,16,178000
3,2.5,1470,16,185000
3,3.5,1516,15,181316
3,2.0,1190,16,166000
3,2.5,1593,17,178000
3,2.5,1481,15,174000
3,3.0,1167,17,173000
3,2.5,1983,10,225000
3,2.0,1442,19,180500
1,2.0,1360,25,187500
1,3.0,2234,1,501837
3,2.5,2046,1,372500
3,3.0,1530,4,260000
3,3.5,1934,32,185000
4,3.5,2353,29,260000
3,2.0,1586,30,181000
3,2.0,1411,32,82500
3,2.5,1602,32,215000
4,2.5,2050,31,154000
3,2.0,1671,31,200000
4,2.5,2673,29,249000
3,3.0,1472,29,187500
3,2.0,1707,31,184000
4,3.5,2524,28,278000
3,2.0,1601,31,157000
3,2.0,1370,33,152000
4,3.5,1868,33,197500
3,3.5,1884,6,240900
3,3.5,1935,0,263435
3,2.5,1874,9,220000
3,2.5,1811,7,235000
3,3.0,1621,34,213000
3,3.0,1116,35,167900
3,2.0,1193,34,158000
3,2.0,1350,35,165000
3,2.5,2119,37,158000
4,3.0,1792,35,136000
3,2.0,1002,39,148500
3,2.0,1026,40,156000
2,1.5,1180,39,128000
3,2.5,1050,38,143000
3,2.0,864,39,76500
3,1.0,864,39,120500
3,1.0,864,39,124500
2,1.0,864,38,97000
3,1.0,864,38,130000
2,2.5,987,36,111000
3,1.5,1365,39,125000
3,2.5,1302,38,112000
2,2.5,987,37,97000
2,1.5,987,37,118000
3,2.5,1302,37,119500
2,2.0,958,33,143750
3,2.5,1548,33,146000
3,2.5,1456,33,148500
2,2.5,1055,34,123000
3,3.0,1322,35,147000
3,2.5,1456,32,137900
3,3.0,1548,31,147000
3,2.5,1441,31,148500
3,2.5,1456,31,138000
2,1.5,836,33,128500
3,1.0,892,42,100000
3,1.5,1120,43,148800
3,3.0,1718,3,337500
4,4.5,2772,2,462000
4,3.5,3140,1,485000
2,3.0,2402,1,555000
2,3.0,1652,3,325000
3,2.0,1600,2,256300
3,2.5,2042,1,253293
3,3.5,2690,0,398800
3,3.5,2184,1,335000
3,3.0,2020,1,404000
3,3.5,2020,0,402861
3,3.5,2296,1,451950
2,4.5,2674,2,610000
4,3.5,2822,1,582933
3,2.0,1736,1,360000
3,3.0,1782,5,296000
5,3.5,2520,2,409900
3,2.0,1717,3,255500
3,3.0,1743,1,335000
3,3.0,1713,5,274900
2,3.0,1531,3,300000
3,3.0,1808,1,324000
4,3.5,2224,5,350000
3,3.0,1836,5,280000
3,3.0,1629,6,284000
3,3.0,1760,6,269500
3,2.0,1502,0,233170
3,2.0,2392,6,386250
3,4.0,2452,6,445000
4,3.5,2400,6,290000
3,2.0,1606,3,255900
2,2.0,1358,4,213000
1,3.0,1306,4,196000
1,3.0,1306,4,184500
2,3.0,1358,2,212500
2,3.0,1314,2,230000
2,3.5,2492,5,552000
3,3.5,2200,6,382500
2,3.0,1884,1,320000
2,2.0,1456,1,248500
3,3.0,1712,7,286500
2,3.0,1324,3,254000
2,2.0,1405,6,173000
2,2.0,1626,6,173000
3,2.5,1456,4,184000
3,2.5,1490,4,167800
3,2.5,1484,4,174000
3,2.5,1560,4,174000
2,2.0,1555,2,174000
1,2.5,1569,2,175900
2,2.0,1555,4,192500
1,2.0,1504,4,181000
2,2.0,1220,4,180000
2,2.0,1145,4,160200
3,3.5,1432,5,188500
4,2.5,2267,7,200000
3,2.5,1374,5,170000
3,2.5,1630,5,189500
3,3.5,1419,7,184100
3,2.5,1594,5,195500
3,3.5,1489,6,192000
3,3.5,1342,6,178000
2,3.0,1314,2,207500
4,2.5,2256,9,236000
4,3.5,2004,7,257500
3,3.5,2054,9,244000
3,2.5,1374,5,167000
3,2.5,1800,9,179000
3,3.5,1514,9,190000
3,2.5,1430,10,156000
4,3.5,2312,10,245000
3,2.5,1675,10,181000
3,3.5,2060,10,214000
3,2.5,1430,10,168000
3,3.5,2365,10,337000
4,3.5,2794,14,403000
4,3.5,2687,9,327000
3,3.5,2450,11,340000
4,3.5,2612,11,336000
3,2.5,2344,13,265000
3,3.0,2063,15,315000
4,3.5,2646,16,260000
3,3.5,2061,14,260000
3,3.5,2232,16,263550
4,3.5,2448,15,402000
3,2.5,1850,15,248000
3,2.0,1468,1,244600
3,2.0,1696,1,275000
3,2.5,1658,1,257500
3,2.0,1578,1,287090
3,3.0,1702,2,275500
3,2.0,1432,3,245000
3,2.5,1971,4,253000
2,3.0,2490,4,468000
3,3.5,1852,0,252678
3,2.5,1590,1,210000
2,2.0,1218,0,208300
3,2.0,1436,1,225000
3,3.0,1314,0,229456
3,2.0,1402,1,229800
3,2.0,1530,2,250000
2,3.5,1766,0,370878
2,2.0,1448,3,238500
3,3.5,2007,1,310000
3,3.5,1795,3,270000
3,2.5,1953,4,252000
2,3.0,1550,3,241000
3,2.0,1836,1,264500
3,3.0,1662,3,291000
4,2.5,2094,6,263000
2,3.0,1221,5,185000
3,3.0,1553,6,234500
3,3.5,1653,6,209000
3,1.5,1218,2,159000
3,2.5,1141,3,152000
3,1.5,1158,5,143500
3,2.5,1812,5,193000
3,2.0,1512,5,203000
2,3.0,1200,6,184900
3,1.5,1114,5,159000
3,1.5,1114,5,142000
3,3.0,1114,6,153000
2,2.0,1450,1,224243
4,3.5,2122,13,220000
2,3.0,1844,4,257000
3,2.0,1434,8,189000
3,2.5,1730,17,171500
3,1.5,1217,29,120000
2,2.0,1332,19,145000
3,3.5,1540,15,184000
3,2.5,1400,23,162000
4,2.0,1882,28,160000
2,1.0,841,59,82000
2,1.0,784,81,76000
3,2.0,980,47,110000
3,1.0,980,32,135000
3,2.0,864,48,141000
2,1.0,864,48,122000
3,2.0,1020,44,124100
3,2.0,912,46,129000
3,2.0,1144,48,131400
3,1.0,864,44,62383
3,1.5,912,47,123000
2,3.0,2014,29,275000
3,3.0,1755,18,235000
3,2.5,3005,5,280750
2,2.5,1224,0,164500
2,2.5,1224,0,173733
2,2.5,1726,1,222000
1,2.5,1256,1,195000
3,2.5,1471,10,172500
2,3.5,1512,9,180000
3,3.5,1452,10,156000
3,3.5,1739,10,172500
2,3.0,1694,32,318750
1,2.0,1226,28,211500
2,1.5,1740,28,241600
4,2.5,2499,33,180500
3,3.0,1620,33,150000
4,1.5,1556,41,154000
2,2.0,1442,39,185000
3,2.0,1489,41,185750
3,3.5,2090,36,200000
3,2.5,2067,35,206000
3,2.0,1395,37,162000
5,2.5,2640,42,256900
3,2.5,1724,42,197900
3,2.5,1336,40,163000
3,2.0,1216,40,113000
4,2.0,2288,32,230000
2,2.5,1334,32,167900
3,3.0,1680,11,213250
3,3.5,1665,8,227000
2,1.5,864,42,130000
3,1.5,1568,42,143000
2,1.5,925,44,117500
4,3.0,2061,35,168500
3,2.5,1320,38,172500
3,2.0,1342,42,161500
2,2.0,894,49,141500
3,1.0,864,50,118000
2,1.0,864,50,127500
3,2.0,1362,52,140000
3,3.0,1728,53,177625
4,3.0,1776,51,110000
3,1.5,1516,45,167000
3,2.5,1313,48,153000
3,2.5,1292,45,145100
3,1.5,1154,43,154000
4,2.5,2140,44,177500
3,1.5,1445,45,158000
3,2.0,1041,50,124500
4,2.0,1576,48,174500
2,2.0,960,54,122000
2,1.0,708,69,82500
3,2.0,1203,59,110000
2,2.0,1505,56,149500
2,2.0,1691,42,175000
3,2.0,1644,56,167000
2,1.0,1050,53,128900
3,1.5,1668,59,140000
3,1.0,1113,59,147000
4,2.0,1584,42,124000
3,3.0,1453,48,187500
3,2.5,1394,46,159000
2,3.0,1567,43,256000
3,2.5,1986,44,205000
4,2.5,2142,41,193500
2,2.0,1392,41,110000
4,2.0,1738,89,104900
3,2.0,1144,53,150000
3,2.5,1478,52,156500
3,1.5,1329,49,176000
3,3.0,988,50,149500
3,3.0,1632,51,139000
3,1.0,1215,51,155000
3,1.5,1202,53,120000
3,1.5,1382,54,153000
3,2.0,1200,53,144000
3,2.0,1382,47,176000
3,1.5,1297,55,153000
4,2.0,1866,51,135000
3,2.0,1062,55,131000
3,2.0,1319,56,123000
2,1.0,1112,58,126000
2,1.0,1005,54,115000
2,2.0,1363,58,164900
2,2.0,793,64,113000
2,2.0,1031,57,145500
2,1.5,1210,56,102900
3,3.0,1699,109,95000
3,2.5,1527,61,152500
3,1.0,1200,59,129900
2,2.0,972,61,132000
2,1.0,792,51,99900
3,2.5,1656,93,135000
4,2.5,1352,70,149000
2,1.0,1039,109,114000
2,1.0,792,85,109500
3,1.0,1078,84,125000
3,2.0,2377,94,142900
4,2.0,1690,99,156500
2,2.0,599,69,59000
2,1.0,1374,89,105000
2,1.0,846,89,106000
1,1.5,725,119,78500
6,3.0,2544,40,190000
3,1.5,1380,46,154000
3,2.0,1040,42,163000
6,4.5,2634,40,200000
2,2.0,951,51,143500
3,1.0,1105,52,135000
2,2.0,1306,52,153000
3,3.0,1478,49,157500
2,1.0,1142,51,113500
3,1.0,1268,60,133000
2,2.0,1040,59,92900
3,1.0,1133,59,128500
2,2.0,1040,60,90000
3,2.5,1904,59,138000
3,1.0,1041,51,128000
3,1.0,1339,51,139000
2,2.0,732,57,118900
3,2.0,1183,50,138000
3,2.0,1148,50,132500
4,2.0,1461,60,133500
3,1.0,1495,61,135000
4,1.5,1806,45,144750
2,2.0,941,31,145000
3,2.0,1045,46,127000
2,1.0,894,47,109500
3,1.0,1224,83,115000
2,1.5,1230,99,110000
3,1.0,1378,74,128900
4,3.0,1944,99,103500
3,1.5,1131,68,66500
3,1.5,1306,99,130000
3,2.0,1464,99,129000
3,1.5,1558,70,150000
4,2.0,2372,117,107500
4,2.0,1701,89,94550
4,2.0,1960,57,124500
3,1.5,1389,63,135000
3,1.0,1447,99,103000
2,1.0,936,56,93000
3,1.5,1328,59,129500
3,2.0,1387,55,93000
2,1.0,861,89,80000
1,1.0,612,69,45000
2,1.0,968,99,37900
2,1.0,886,71,91300
2,1.0,792,86,99500
2,2.0,1452,89,113000
3,2.0,1510,99,87500
2,1.5,1284,62,110000
2,2.0,2138,111,106000
4,1.5,2640,129,265979
3,2.0,2007,109,160000
3,2.0,1288,92,119000
4,1.5,1742,127,168000
2,1.0,816,99,58500
3,1.5,1482,89,143000
2,2.0,1022,99,85000
2,1.0,1869,119,124900
3,1.0,1480,89,119000
4,1.0,1521,99,146500
2,1.0,720,89,34900
2,1.0,797,109,44000
3,3.5,1576,86,223500
3,1.0,1432,86,149000
3,2.5,1548,84,205000
3,2.0,1654,79,137000
2,1.0,952,93,121000
3,1.0,1324,73,128000
2,1.0,1176,72,134900
3,2.0,1348,84,117000
4,1.0,1412,70,132500
3,1.0,1142,85,93000
2,1.0,904,83,119000
2,1.0,1301,85,100000
3,1.5,1539,73,141500
3,1.0,1573,74,133000
1,1.0,800,73,60000
2,2.0,875,78,105000
2,1.0,995,84,115000
3,2.0,1582,71,150000
2,2.0,1072,84,126500
5,2.0,2134,93,214500
3,1.0,2019,99,167500
3,2.0,1768,94,155000
4,2.5,1826,94,155000
3,2.0,1944,94,179900
5,1.0,2229,97,104000
4,2.0,2128,87,62500
4,3.0,1930,82,149000
2,1.0,1208,84,103000
3,1.0,1427,94,123000
6,2.5,1864,107,97500
3,1.0,1666,82,135000
1,2.0,892,86,70000
3,2.5,1403,94,116000
2,1.5,704,63,88750
3,6.0,1200,22,179000
3,6.0,1200,22,179000
2,4.0,1152,31,159900
1,1.5,904,87,61000
3,3.0,1369,84,103600
4,3.0,1112,75,63000
3,2.5,1464,46,175000
3,2.0,1121,46,139000
3,2.5,1683,31,172500
3,1.5,1052,42,113500
3,1.0,899,42,130000
3,1.5,1034,31,149900
2,2.0,858,27,134900
2,2.0,860,27,137000
3,1.5,1092,47,139000
4,2.0,1774,48,165000
3,1.5,1138,49,148000
4,2.0,2071,53,165000
2,1.0,660,62,63900
5,2.0,1788,52,161500
1,3.0,1473,41,143000
3,1.0,1229,53,135000
1,1.0,861,69,82500
2,2.0,1867,54,190000
4,2.0,1733,54,139600
2,1.0,1383,55,122000
3,1.0,1689,53,127500
2,2.0,1073,53,121500
3,1.0,1276,51,60000
3,1.5,1639,63,154400
2,2.0,672,68,113000
3,2.0,1089,55,125000
3,1.0,845,52,84000
2,3.0,1049,25,139500
3,1.5,1716,60,131000
2,1.0,1258,70,105000
4,2.0,1510,69,108000
1,2.5,1061,19,162000
2,1.5,1338,26,156500
1,2.5,2132,26,316600
3,2.0,2196,19,271900
3,3.5,1775,16,213000
3,3.5,1879,16,239900
3,2.5,2020,14,239500
4,1.0,2016,129,131000
4,2.0,1535,30,118964
2,3.0,1224,30,153337
6,2.0,2228,30,147983
4,2.0,1535,30,118858
4,2.0,1535,30,118858
6,2.0,2240,30,142953
2,3.0,1229,30,148325
4,2.0,1513,30,113722
6,7.0,2787,9,269500
6,7.0,2787,9,269500
6,7.0,2787,9,269500
1,2.5,1680,0,323262
3,3.0,1718,2,297000
3,3.0,1630,1,295493
3,3.0,1720,1,332000
3,2.0,1468,1,239900
3,2.5,1768,2,212000
3,3.0,1838,2,272500
2,2.0,1800,2,239000
3,3.5,1604,3,220000
2,3.0,1290,2,200000
2,3.0,1254,1,221800
2,3.0,1232,2,194500
3,2.0,1498,4,237000
3,2.5,1422,4,173000
2,3.5,1644,20,275000
3,3.5,1759,17,233500
3,3.0,2126,42,185000
3,2.0,1040,13,152000
3,2.0,990,15,143000
3,3.5,1764,12,231500
3,3.5,1661,13,212000
3,3.0,1463,11,207000
3,1.5,1097,15,145000
3,2.0,990,15,138000
3,2.5,1779,11,197900
3,3.0,1501,10,204000
3,3.0,1431,10,192000
3,3.5,1772,11,200000
3,2.5,1660,7,195000
3,3.0,1573,7,227000
3,3.5,1840,8,230000
3,2.0,1430,8,187100
3,3.0,1444,7,203000
3,2.0,1492,8,201000
3,2.0,1040,31,124000
3,1.0,907,31,140000
2,2.0,914,30,134900
3,2.0,1040,32,150500
3,2.0,864,31,136500
3,1.5,1268,32,143500
3,2.0,864,37,133500
2,1.0,894,37,123000
2,1.5,768,37,133900
2,2.0,768,37,133000
3,3.0,1611,7,250000
4,2.5,2184,6,254750
3,2.0,1788,8,236500
3,3.5,1872,8,261500
3,3.5,2153,9,313000
3,2.5,1725,7,198500
3,2.5,1870,8,211000
2,3.0,1513,10,220000
3,3.0,1504,13,203000
3,3.0,1828,7,279500
3,3.0,1417,12,210000
3,3.5,2034,12,219500
2,2.5,1716,13,191000
3,2.0,1212,8,178000
3,2.0,1630,9,213000
1,2.0,848,6,144000
1,2.0,848,6,140000
3,3.0,1602,2,293200
3,2.5,1728,5,190000
3,2.0,1500,5,190000
3,3.5,1476,4,173500
3,2.5,1396,2,170000
2,2.0,1126,60,108000
3,2.0,1486,45,167000
2,2.0,816,71,100000
4,3.0,1922,6,198500
3,1.5,1426,32,159500
3,2.0,1149,49,127000
3,2.0,1125,33,125000
3,3.0,1698,2,320000
2,2.0,1072,4,145500
2,1.5,698,62,118000
3,1.0,876,50,85000
3,2.0,1368,59,120000
4,2.0,1529,64,98000
2,1.0,864,87,99900
2,1.0,944,57,82000
6,2.0,1678,50,119900
2,1.0,1560,53,103500
3,1.0,960,53,112000
3,1.0,1196,89,110000
3,1.0,1298,68,122000
3,2.0,1604,68,117000
3,1.5,1268,71,160000
3,1.0,1520,77,159434
1,1.0,438,89,60000
3,2.0,1489,69,139500
5,3.5,3082,89,197000
3,1.5,1242,74,105000
4,3.0,1981,81,135000
3,1.0,1232,93,147500
3,2.5,1608,84,137450
3,2.0,1135,73,155000
3,1.5,1913,81,177000
3,2.5,1477,81,145000
3,1.0,1228,91,137000
3,1.5,2080,83,234000
2,2.5,1567,69,205000
3,1.0,1494,67,177500
2,2.5,1308,69,160000
2,1.0,1273,49,155000
2,2.0,964,88,163500
3,1.5,1343,88,154900
5,2.5,2480,69,205000
2,2.0,1112,55,144800
3,1.5,1564,68,174500
3,3.0,1561,49,193000
3,3.0,1523,60,158000
3,1.5,1152,59,158500
3,2.5,1906,55,224000
2,1.0,1032,29,115000
2,2.5,1229,29,137000
2,1.5,1229,29,121000
2,1.5,1229,29,124000
3,3.5,1982,23,208000
3,3.0,2365,38,315000
3,3.0,1680,21,222000
3,1.0,1344,89,147000
5,2.0,2168,109,123000
3,1.0,1192,89,78000
2,1.0,1526,94,85000
2,1.0,572,84,75000
2,3.5,1648,2,230000
1,1.0,810,99,57625
3,2.5,2052,9,251000
1,2.5,2149,6,239686
3,2.0,1710,5,240000
3,3.5,1961,8,215000
2,2.0,926,32,156450
2,2.5,1287,32,173000
4,2.0,1734,32,126000
3,3.0,1217,19,173000
2,3.0,1595,18,152000
3,1.5,1344,51,137500
3,4.0,2036,44,375000
2,3.0,1620,2,315500
3,2.5,1692,0,224500
3,3.0,2036,1,410000
3,3.0,1641,1,316500
3,2.0,1466,2,201000
3,3.0,1412,21,175000
3,2.5,2237,29,204000
3,4.5,1479,22,213500
2,3.0,1296,8,220000
3,2.5,2014,6,170000
2,3.0,1838,3,315000
2,3.0,1978,2,425000
3,1.0,1008,41,139500
3,1.0,1771,49,115000
2,3.0,1204,11,162000
2,3.0,1224,10,165000
2,2.0,988,36,91000
3,2.0,874,41,130000
1,2.0,630,39,86000
3,2.0,1404,40,160000
1,2.0,630,39,80000
3,1.5,1344,39,97000
3,1.5,1092,39,88000
2,1.5,796,37,131900
2,1.5,1091,16,131250
1,2.0,1110,31,165500
3,2.0,833,24,112000
2,2.0,883,17,149000
1,2.5,1362,16,143000
3,1.5,1287,17,130000
2,3.0,1567,32,196000
4,1.5,1632,40,173000
3,2.0,1414,50,176500
4,2.5,2117,38,237500
4,2.5,2112,39,206900
3,2.5,1604,11,187500
3,2.5,1470,13,165000
3,2.5,1604,10,195500
3,3.5,1638,10,192000
3,2.5,1636,12,173000
3,3.0,1384,12,177900
3,3.0,1446,12,175000
0,2.5,1593,7,286000
1,2.5,1682,11,247900
2,3.0,1337,15,180000
2,2.0,1280,16,180000
3,2.5,1604,11,181000
3,2.5,1633,10,183000
3,3.5,1658,13,188000
3,2.5,1895,14,194500
3,3.5,1709,17,185000
2,3.0,1228,20,189000
2,3.0,1337,19,188500
5,3.5,2500,3,355000
4,2.5,2504,3,325000
2,3.0,1884,4,387000
3,1.0,1474,56,115000
2,3.0,1710,1,334000
3,2.5,1488,58,133000
3,2.5,2093,22,215000
2,3.0,1688,20,226500
3,2.0,1422,27,175500
3,3.0,1260,25,181900
3,3.0,2064,30,235000
3,2.5,1782,29,220000
4,3.5,2872,31,272000
3,3.0,1211,32,161000
3,2.5,1126,31,175000
3,2.5,2044,28,185000
3,1.5,1308,39,146900
4,3.0,2840,30,292500
3,2.5,1523,32,180000
2,2.0,1444,32,159900
4,2.5,1964,32,205000
3,2.0,1178,35,157000
4,3.5,2340,12,306000
4,3.0,1792,34,133000
3,2.5,1054,39,151000
2,1.0,936,39,111900
3,2.0,864,37,123000
3,1.0,864,36,111250
2,3.0,1337,10,181000
2,2.0,987,35,103400
2,2.5,987,35,100000
2,1.5,987,36,100500
2,1.5,987,38,106000
2,1.5,987,37,85400
2,1.5,987,37,89500
3,2.5,1302,36,111750
2,2.0,1069,31,140000
4,2.5,1456,33,143000
2,2.0,1055,31,148500
3,1.0,892,42,110000
2,3.0,1932,0,394617
3,3.5,2332,1,426000
2,3.0,2084,1,385000
3,3.5,2713,0,446261
3,3.0,1582,1,317500
2,3.0,1710,1,372402
4,3.5,2464,1,417500
2,3.0,1950,1,383000
4,3.5,2748,2,390000
4,3.5,2790,3,460000
3,3.5,2331,3,379000
4,2.5,2088,1,250000
4,3.5,2332,4,316000
1,3.5,2470,5,615000
3,3.5,2668,5,412500
3,3.5,2046,5,284000
2,3.0,1575,5,284000
4,3.5,2649,7,421250
4,2.5,2690,5,370000
2,3.0,1866,0,336860
1,2.5,1702,0,367294
2,2.0,1367,3,192000
1,1.5,1518,5,274000
2,2.0,1684,3,266000
2,3.0,1800,1,370967
2,3.0,1342,2,234250
2,2.0,1342,2,219500
2,2.5,1626,5,155000
2,3.5,1626,5,154000
2,3.0,1358,4,207000
2,3.0,1455,5,195000
2,3.0,1576,4,219990
2,2.0,1504,3,191000
2,2.0,1266,1,159895
2,2.0,1246,1,187687
3,2.5,1515,4,179000
3,3.5,1593,4,193000
2,3.0,1166,3,190000
3,2.5,1456,3,176000
3,2.5,1720,6,188000
4,2.5,1986,5,213000
2,3.0,1358,1,217300
3,3.5,1792,8,186500
3,2.5,1892,8,226750
3,3.5,1490,4,184000
3,2.5,1414,6,176000
4,2.5,2322,9,225000
3,2.5,1651,9,185900
3,2.5,2199,11,284500
4,3.5,2630,10,315000
4,3.5,2198,8,250000
4,2.5,2172,8,291000
2,3.0,2006,10,350000
4,3.5,2125,12,279500
4,2.5,2501,13,290000
2,3.5,2113,13,350000
3,3.5,2418,15,341000
4,3.5,2197,15,287500
3,3.5,2127,14,271000
2,3.0,1987,14,301500
3,2.0,1580,1,235128
4,2.5,1933,1,214000
3,2.0,1574,2,232000
3,3.0,1578,2,240000
2,2.0,1506,0,264132
3,2.0,1563,1,245000
3,2.0,1428,0,227680
3,3.0,1861,1,257000
3,3.5,1874,1,297900
3,2.0,1460,2,247000
3,2.0,1372,1,212700
3,2.0,1372,1,250580
3,2.0,1428,1,182000
3,2.5,1768,3,226700
3,2.5,1992,5,250000
3,2.5,1958,3,250000
3,3.5,2078,1,339750
3,2.5,1665,1,205950
3,2.0,1660,1,256000
2,3.0,1218,1,230348
3,2.5,1728,5,207500
3,2.0,1080,4,141000
3,3.5,1696,5,188000
3,2.5,1663,5,192500
3,2.0,1175,3,146000
3,2.5,1114,4,159000
3,2.0,1114,5,155000
3,2.5,1640,4,173000
3,2.0,1162,1,170000
3,2.5,1609,13,182000
3,3.0,1680,15,163000
3,3.0,1679,14,193500
3,2.5,1657,14,189000
3,3.5,1677,7,190500
3,3.0,1737,16,175000
3,3.0,1294,17,179200
3,2.5,1710,15,187000
2,3.0,1617,15,193000
2,2.0,1199,15,153900
3,2.0,984,45,128000
2,2.0,912,46,144000
3,2.0,864,47,135000
3,2.0,890,40,115000
3,1.0,864,45,119916
3,2.5,912,47,142000
3,2.5,1430,34,192000
4,2.0,1641,36,140000
4,3.5,2683,18,290000
4,3.5,2786,15,372500
2,2.0,1391,4,196000
2,2.5,1250,2,171900
1,2.0,1245,4,178000
2,3.5,1200,3,165000
2,2.0,1392,1,146000
2,2.0,1392,1,146000
3,2.5,1501,9,179400
3,3.5,1549,9,172900
2,3.0,1638,8,300000
1,2.5,1310,7,285000
2,2.5,1419,7,290000
2,3.0,1557,9,305000
2,3.0,1709,9,328900
2,3.5,1252,9,160000
3,3.5,1404,9,170000
3,3.5,1789,7,223000
3,3.5,1586,9,170000
3,3.5,1607,9,200000
2,3.5,2393,10,345000
1,2.5,1288,12,245500
1,2.5,1239,13,217500
1,3.5,1719,15,324000
3,2.0,1232,24,162500
3,3.0,2944,31,150000
3,4.0,1671,32,290000
3,2.5,1812,6,205000
3,2.0,1682,38,174000
4,2.5,1427,39,183000
4,1.5,1740,40,150000
3,2.5,1258,37,145000
4,2.0,1620,41,215000
4,2.0,1625,43,140500
4,2.5,2614,34,240000
4,1.5,1464,40,141000
2,2.0,912,43,147000
3,2.0,925,43,135000
6,2.0,1728,43,145000
6,2.0,1728,43,142600
4,2.0,1656,35,135000
4,1.5,1670,37,170000
4,4.0,2715,32,299800
4,2.5,1876,34,185000
4,2.0,1632,42,173000
3,2.0,999,47,178400
4,2.5,1978,40,176000
2,1.0,1014,52,98000
3,1.0,907,51,109008
2,1.0,952,52,135750
3,3.0,1128,45,155000
3,2.0,1425,44,180500
3,2.5,1165,42,174900
3,2.0,1136,43,140000
3,2.0,1092,44,145000
3,2.5,1265,43,179900
3,2.5,1350,44,168500
3,2.0,1114,47,140000
3,2.5,1053,49,145500
3,1.0,1252,49,142000
3,2.0,1100,48,141000
3,2.0,1118,48,153000
2,1.0,720,59,72500
2,1.0,729,73,52000
2,2.0,1077,69,118000
2,1.0,906,71,87000
3,2.0,1496,48,141500
3,1.0,1252,58,119000
3,2.0,1337,58,141500
3,2.0,1661,53,165500
3,1.0,1036,55,112900
4,2.0,1820,43,201800
3,2.5,1362,47,163000
3,2.0,1144,47,139950
3,2.5,1537,46,174000
3,1.5,1431,46,165000
4,2.5,1988,42,227000
3,2.0,1098,53,135000
3,2.5,1144,45,124000
3,2.0,1283,46,140000
3,2.0,1176,51,136500
2,3.0,1440,49,185000
3,2.0,1261,50,163000
3,2.0,1570,50,166800
2,2.0,1196,52,139000
3,2.5,1392,51,166000
3,1.0,1080,50,136000
3,2.0,1104,52,133000
2,2.0,882,56,116000
3,1.5,1152,55,137500
2,1.0,950,55,130000
3,2.0,1790,51,180000
2,2.0,952,57,139000
2,1.0,773,55,110000
4,2.5,1764,51,100000
2,1.0,1216,61,118500
5,2.0,1824,51,146000
1,1.0,869,60,89900
3,1.0,1159,83,114000
3,2.5,1558,63,140000
2,1.0,672,68,86900
3,1.5,1436,86,139000
3,2.0,1294,108,106250
4,1.5,1716,46,171000
3,2.0,1044,40,139000
3,1.5,1312,50,186000
2,2.5,1253,48,157000
3,2.0,1081,48,148000
4,3.0,2069,48,242000
3,1.0,910,55,116000
2,1.0,876,57,94000
3,1.0,1048,58,98300
4,2.0,1507,48,127000
3,2.5,1256,49,159000
3,1.5,1027,46,125900
3,1.5,1269,48,155000
3,2.0,1320,60,138000
2,2.0,984,54,112500
2,1.0,832,54,105500
4,1.0,1278,54,127500
6,2.0,1800,47,130000
3,1.5,1588,53,150000
2,1.5,825,54,109500
4,2.5,1796,45,140000
4,2.5,1611,44,167900
3,1.0,1117,45,136870
3,2.0,1133,0,143000
2,1.0,764,83,73000
3,2.0,1539,104,157500
3,1.0,1323,60,122600
2,1.0,1360,98,111000
5,2.0,2792,88,256000
2,1.0,672,68,64000
4,1.5,1456,93,139500
3,2.0,1594,98,118000
3,2.5,2082,5,200000
2,2.0,1656,68,119164
2,1.0,1740,88,122250
2,1.5,1027,88,120000
3,2.0,1436,68,155000
2,1.0,899,98,78000
3,1.0,1080,118,95000
2,1.0,789,60,115000
2,2.0,1122,60,147000
3,1.0,1499,62,140000
1,1.0,407,62,46500
3,1.0,928,51,112500
2,1.0,901,54,107900
5,2.0,1588,59,65000
3,3.0,3493,128,295000
4,2.0,1627,108,139500
4,1.5,1416,93,153900
3,1.0,1450,88,132000
4,1.0,1344,92,98000
2,1.0,1017,108,114000
4,2.0,2350,88,130000
3,1.5,2058,91,129500
3,1.5,1540,103,129400
3,2.0,1378,80,161000
3,2.0,1912,103,163000
3,2.0,1484,94,128000
4,2.0,2358,136,122000
2,1.0,1111,82,116900
3,3.5,2775,115,325000
2,1.0,1086,88,55000
5,2.0,2495,118,184000
2,2.0,984,49,110000
4,2.0,1795,54,131500
2,1.0,882,52,97000
2,1.0,1093,50,115500
2,1.0,1143,80,138000
3,1.5,1668,63,108000
2,1.0,935,78,79500
3,2.0,1738,73,153000
2,2.0,784,84,109500
3,1.0,1210,67,124000
3,1.5,1290,108,106900
3,1.5,1672,68,164900
2,1.0,949,84,119000
3,1.0,1158,79,120000
3,2.0,1497,71,157000
2,2.0,1342,69,105000
3,1.0,1013,82,113000
3,2.0,1216,88,115000
2,1.0,896,62,79000
2,1.5,1136,79,123000
1,1.0,808,63,81300
3,2.0,1573,78,162900
4,2.0,2009,69,150000
4,2.0,1902,85,123500
2,2.0,1774,77,129900
3,2.0,1362,88,128000
1,1.0,520,81,68500
2,2.0,1285,60,127000
4,1.5,1848,85,207000
4,3.0,1820,83,184000
4,2.0,1716,93,162500
3,2.0,1505,68,145000
2,2.0,838,90,130000
5,2.0,1984,98,160000
3,1.0,1666,83,161000
3,1.0,1609,98,127500
1,1.0,768,78,93850
4,1.5,1536,56,136000
4,2.0,1969,70,141000
2,2.0,1308,93,120000
2,1.0,1040,83,127500
3,3.0,1236,83,127000
3,1.0,1406,88,89500
2,2.0,825,53,125000
4,1.0,1198,88,79900
1,1.0,759,96,85000
3,2.0,1344,93,82375
3,1.0,1469,102,135000
3,1.0,1054,61,124000
3,1.0,1211,40,134000
4,2.0,1271,60,135000
4,2.0,1588,49,134432
4,3.0,1355,68,127500
3,2.0,1075,45,148000
3,2.0,1040,43,129500
3,2.0,1096,30,157500
3,1.0,904,42,109900
3,2.0,992,41,145000
3,2.0,894,41,130000
3,1.5,1034,30,153000
3,1.0,1073,41,120000
2,2.0,1126,24,152000
0,3.0,1258,39,108959
3,2.0,1140,88,95541
3,1.0,1006,49,80000
3,1.5,1228,42,149350
3,2.0,960,45,144900
1,2.0,1188,52,185000
3,2.0,1383,54,165000
1,2.0,1252,48,235000
3,1.5,1601,50,140000
2,1.0,672,68,108000
3,3.0,1721,48,145000
2,2.5,1350,67,152400
3,1.0,904,38,144000
2,2.0,1291,12,173000
4,2.5,2022,31,192000
3,3.0,1524,29,245000
2,2.0,1363,54,241500
2,2.0,1663,54,256000
2,2.0,1357,49,177000
2,1.0,1079,60,125600
3,1.0,1094,55,155000
5,3.0,2358,100,240000
2,2.0,1518,68,260000
4,2.0,1674,90,185000
4,2.0,2108,73,235000
3,2.0,1509,52,159900
2,2.0,864,33,99600
3,1.5,1269,46,134500
4,2.0,1367,108,119000
3,2.0,1347,98,107500
3,2.0,1164,58,125000
2,1.0,1096,84,79000
3,1.5,1111,67,95000
4,3.5,2329,18,262280
4,3.0,2814,13,260000
3,3.5,1626,14,226500
4,2.5,2200,15,225000
3,2.5,2037,12,229000
3,2.5,1356,1,177439
3,2.0,1615,1,248500
3,3.0,2276,0,475000
3,3.5,1766,0,395039
3,3.0,2097,15,228000
3,3.0,1511,13,225000
2,3.0,1643,42,195000
4,3.5,1688,11,200000
3,2.0,990,14,155000
3,1.5,1099,13,144000
3,1.5,990,14,145000
3,3.0,1418,11,226001
3,3.5,1771,11,215700
3,2.5,1652,8,207500
3,3.5,1790,9,193000
3,2.5,1724,10,188000
3,2.0,1479,9,191000
3,3.0,1494,6,221000
3,2.5,1792,7,231500
3,3.5,1823,8,235000
3,3.5,1786,7,223500
3,2.0,938,33,130250
3,2.0,985,31,149900
3,2.0,1174,30,158000
3,2.0,1026,30,147000
3,1.5,1076,33,143195
2,3.0,1558,33,163000
3,1.0,924,33,110000
3,1.0,864,36,127000
2,1.0,780,36,124900
3,2.0,1795,6,230000
3,3.5,2031,6,237000
3,3.5,1865,8,235000
3,2.5,2161,7,230500
3,2.5,1852,9,230000
3,2.5,2031,10,222500
3,2.5,2263,7,287000
3,3.5,1947,7,274000
3,3.0,1786,6,300000
4,2.5,2290,6,255900
3,3.5,1768,5,224900
4,2.5,2327,5,240000
3,2.5,1640,5,183000
3,2.5,1764,9,207000
4,3.5,1908,14,210000
1,2.0,848,5,136500
1,2.0,848,4,145000
3,3.0,1493,11,208900
2,4.0,1838,11,185000
3,3.0,1536,6,214000
3,3.5,1710,5,208500
3,2.0,1445,4,186500
3,3.0,1436,4,210000
3,2.5,1582,4,185900
3,2.0,1234,1,179900
3,2.0,1564,1,218836
3,2.0,1361,1,193000
3,3.5,1456,3,189000
1,2.0,848,4,149300
1,2.0,848,4,141000
1,2.0,848,4,149000
1,2.0,848,4,144500
2,1.0,796,98,85000
4,5.0,2200,108,145900
3,1.0,1092,42,123000
3,2.5,1256,43,147500
3,1.5,1033,32,165000
3,2.0,1127,32,135000
3,2.0,996,68,108000
3,3.0,1181,36,137500
3,2.5,1656,5,165400
3,2.0,1117,31,147000
3,1.5,1398,32,160500
2,2.5,1132,3,176000
5,3.5,3820,49,284700
3,4.5,5642,0,160000
2,2.0,1072,3,148000
2,2.0,1152,53,82000
2,2.0,1152,53,82000
4,2.0,1440,53,118000
2,2.0,1152,53,82500
2,2.0,784,53,91900
2,1.5,1053,70,120000
4,1.5,1137,61,96000
2,1.0,930,55,99000
3,1.0,1200,62,130500
4,2.0,1470,54,135000
3,1.5,1393,53,135500
3,1.0,1204,54,100000
3,1.5,1292,85,108000
2,2.0,864,83,98000
2,2.0,864,94,67000
6,3.0,1716,96,135900
4,2.0,1482,83,140000
4,2.5,2192,69,179500
4,2.0,1694,83,136500
2,2.0,1424,87,168000
4,1.5,1964,97,130000
4,3.5,2601,87,189000
4,5.0,1920,78,161900
2,2.0,1316,82,145000
3,2.0,2555,86,191000
4,2.0,1680,93,177000
3,1.0,1264,94,147500
2,1.0,790,78,91000
3,3.0,1512,83,231000
3,1.0,1639,72,115000
4,1.0,1603,85,138000
3,1.5,1502,77,149000
3,1.5,1660,74,188700
4,2.0,1938,71,198000
3,1.0,1374,70,110000
2,1.5,1091,57,104000
4,1.5,1873,73,257076
4,3.5,3447,73,381000
3,2.0,1954,69,311500
3,3.5,2161,58,263400
3,2.5,1898,52,236500
3,2.0,1640,54,224000
2,1.0,1032,28,116500
3,3.5,1556,28,151000
2,2.0,919,82,126000
3,1.0,1090,68,120000
2,1.0,796,86,55000
2,1.0,816,78,120500
2,1.0,778,68,120500
4,1.0,1200,78,119000
3,1.5,1656,41,126000
2,1.0,912,78,99500
4,2.0,1955,50,165500
2,1.0,733,56,13100
2,1.0,1361,113,89000
3,1.0,1317,88,40000
2,1.0,1049,98,80900
2,1.0,894,73,81000
3,1.5,864,88,65000
2,3.5,1652,0,392500
2,3.5,1648,1,294464
2,3.5,1646,4,250000
2,3.5,1646,4,275000
3,4.0,2032,12,300000
3,3.0,1689,6,271000
3,2.5,1820,12,213000
3,2.0,1118,31,171000
3,2.5,1279,31,171500
4,3.0,1872,32,100000
3,3.0,1689,17,228500
3,4.0,1786,43,228950
2,3.0,1501,22,241500
2,3.0,2898,32,287000
3,3.0,1537,2,294000
3,3.0,1646,1,293077
3,3.5,1780,1,264966
3,2.5,1442,2,172500
3,2.5,1394,2,167500
3,2.5,1612,0,218689
3,2.0,1495,19,150000
3,3.0,1651,22,184000
3,2.0,1256,22,180000
3,3.0,1509,20,175000
3,3.0,1440,5,232500
3,3.0,1675,9,195000
4,3.5,2262,5,305000
3,3.0,1728,1,298751
3,3.5,1964,3,370000
2,4.0,1344,11,209200
2,4.0,1344,11,206300
2,1.0,1092,1,146000
2,3.0,1189,11,160500
3,2.0,1200,44,173000
3,1.0,1040,33,124000
3,1.5,1304,32,115000
4,2.0,1475,32,129500
2,2.0,988,35,105000
1,2.0,988,35,94900
3,2.0,1160,40,152500
3,2.5,1092,38,98000
1,2.0,630,36,81000
2,1.0,988,54,113000
2,1.5,816,25,128500
3,2.0,923,24,119500
3,1.5,816,26,130500
2,2.0,816,26,138000
3,1.0,845,26,134500
4,3.0,1750,68,160000
3,1.0,889,24,137500
4,3.0,1968,39,172000
4,2.0,1836,108,103000
3,2.0,1587,36,167300
2,2.0,1277,37,167000
3,3.0,2223,34,244000
4,3.0,2217,37,268000
3,2.5,1733,4,225000
3,2.5,1572,12,168000
3,2.5,1470,10,177000
3,2.5,1600,10,169000
3,2.5,1384,10,161500
2,3.0,1652,7,251000
3,2.5,1694,13,160000
3,3.5,1714,8,180000
3,2.5,1553,11,178750
3,2.0,1253,12,176000
5,3.5,2299,8,204000
3,2.0,1187,15,160000
3,2.5,1472,16,160000
3,2.5,1482,15,163900
3,2.5,1642,14,168000
3,2.0,1128,43,154204
2,1.5,1088,21,170000
3,3.0,2090,23,207500
2,3.0,1179,19,182000
1,2.0,1321,17,212000
3,3.0,1922,2,377426
4,4.5,2541,2,349265
4,3.5,2338,1,591587
3,2.5,1424,38,155000
2,3.0,1612,1,319900
2,3.0,1419,0,392000
1,2.5,2234,1,441929
3,3.0,2042,1,455000
3,2.0,1440,26,182900
3,3.0,1284,23,174000
3,3.5,1868,23,178000
3,2.5,1479,26,176000
3,3.0,1664,29,213000
4,3.5,1930,28,192000
3,2.5,1969,30,190000
4,2.5,2030,31,195000
3,2.5,1032,29,148000
3,2.0,1177,23,151500
3,2.5,1725,28,197000
2,3.0,1353,28,192350
4,2.5,1620,38,152000
2,2.5,1220,36,170000
3,2.0,1484,36,175000
3,2.5,1743,39,175000
3,2.5,1935,31,197900
3,2.5,1324,31,174000
4,3.5,1877,33,178900
3,1.5,1109,36,139000
3,2.5,981,36,143250
4,2.5,1479,35,184000
3,2.0,1422,37,155000
3,1.0,914,37,133000
3,1.0,950,36,119500
3,1.0,872,36,123000
2,1.0,858,36,110000
2,1.0,914,46,128000
3,1.0,864,36,120500
1,2.0,767,9,133000
2,2.0,1337,6,155000
2,3.0,1337,10,177000
3,1.5,1092,34,113500
3,1.5,1218,34,113000
4,1.5,1218,34,113700
3,2.5,1302,37,106000
2,2.5,1365,36,122500
2,2.0,958,31,128000
3,3.5,1548,31,155000
2,2.0,1055,29,142500
3,2.0,988,41,129250
3,3.0,1816,1,356000
3,2.0,1828,0,314813
3,2.0,1694,0,318000
3,2.0,1694,1,322400
3,3.0,1734,0,318000
2,3.5,2122,0,345474
3,2.5,2121,1,415298
3,3.5,2656,0,492000
4,2.5,2550,1,338931
2,3.5,2046,2,450000
3,2.5,2172,1,280000
3,3.0,2552,0,479069
3,2.0,1973,1,395000
3,2.5,2643,1,380000
3,2.0,1634,1,250000
2,3.0,1976,1,440000
4,2.5,2758,2,418000
2,4.5,2290,0,500067
3,2.5,2152,0,260116
4,2.5,2473,3,317000
3,3.5,2100,0,319500
3,2.5,2161,0,325624
3,2.5,1802,1,372000
5,2.5,2956,3,342000
4,3.5,2468,3,354000
3,3.5,2385,4,350000
4,2.5,2374,4,285000
3,3.5,1818,0,281500
3,3.0,1614,2,245700
3,3.0,1721,2,232698
3,2.5,1828,1,250000
2,2.0,1362,2,194700
1,2.5,1302,2,204000
1,2.5,1302,2,200000
2,3.0,1362,2,207000
2,2.0,1554,1,209500
2,2.0,1554,1,209500
2,2.0,1370,1,202500
2,3.0,1577,2,280000
2,3.0,1561,2,277500
2,2.0,1869,0,318061
2,2.0,1324,1,221370
2,3.0,1405,4,200000
3,3.0,1496,0,181755
3,2.5,1536,2,176000
3,2.5,1484,2,178900
3,2.0,1458,1,168165
3,2.5,1495,1,171925
3,3.5,1746,1,198444
3,3.0,1326,2,203000
3,2.5,1456,0,179540
3,2.0,1302,0,176485
3,2.0,1340,0,181134
3,2.5,1412,1,156932
3,2.5,1504,0,166000
3,2.5,1456,0,177594
3,2.0,1258,0,173500
2,2.0,1258,1,172500
2,2.0,1402,1,194201
2,3.0,1589,4,226500
2,2.0,1266,0,185485
3,3.0,1530,3,259000
2,3.0,1119,3,188500
3,3.5,1374,3,175000
4,2.5,1959,3,215000
3,2.5,1525,1,206580
3,2.5,1720,3,183500
3,2.5,1394,4,165500
4,2.5,1948,4,211000
3,2.5,1690,7,181000
4,2.5,1995,5,219500
3,2.5,1647,8,175000
3,2.5,1430,7,170000
3,2.5,1320,4,162000
3,3.5,1690,7,187000
3,2.5,1644,8,185000
4,4.5,4476,11,745000
4,3.5,2551,10,384500
4,2.5,2285,7,248000
2,3.5,2633,6,466500
4,3.5,3078,9,410000
4,3.5,2582,9,322500
4,2.5,2385,9,252000
4,4.0,4316,13,755000
3,3.5,2013,11,269790
3,3.5,2398,11,315750
4,2.5,2520,12,290000
4,2.5,2531,12,290000
4,4.0,3228,15,430000
4,3.5,2202,15,263000
4,2.5,2538,11,330000
3,2.0,1369,0,213133
3,3.0,1542,0,260261
3,2.0,1905,1,320000
3,3.0,1464,0,282922
3,2.0,1534,1,215000
1,3.0,1966,0,419005
3,3.0,1636,1,255000
2,2.0,1795,1,147000
3,4.0,1528,0,235876
3,3.0,1726,0,311872
3,2.0,1689,0,248328
3,2.0,1588,1,227000
3,3.0,1538,2,260000
3,2.0,1496,0,225000
3,3.0,1506,2,249000
3,3.0,1694,3,307000
3,2.5,1977,1,250000
3,2.5,1830,1,221300
3,2.0,1338,0,208900
3,2.0,1335,1,210400
3,2.5,1792,0,255000
3,3.0,1588,0,212109
3,2.5,1959,1,270000
4,2.5,2610,0,303477
3,3.5,1880,0,310013
3,2.0,1656,1,249700
3,3.0,1761,0,227875
2,2.0,1584,0,261329
2,2.0,1685,1,253000
4,2.5,2443,3,265000
4,3.0,2466,3,340000
3,1.5,1100,1,146000
3,1.5,1143,1,147000
3,2.0,1094,4,149000
3,2.0,1486,1,181000
3,3.0,1721,13,201000
3,2.5,1820,14,191750
3,2.0,1349,7,179000
3,3.0,1494,9,215000
2,3.0,1575,15,179200
2,1.5,1266,27,128000
2,2.0,884,24,144000
4,2.0,2020,30,144000
2,2.0,894,30,120750
2,2.0,970,44,132500
3,1.0,1057,45,132000
3,2.0,999,45,132500
3,2.5,1120,46,129000
3,1.5,1696,45,143900
3,2.5,1040,39,145000
3,2.0,988,46,128500
3,1.0,902,40,125500
3,3.5,2503,17,300000
3,3.5,2167,33,294000
2,2.0,1037,33,129000
3,3.0,1701,32,171000
2,2.0,1055,34,147000
4,2.5,2810,17,302000
4,2.5,2872,15,285000
2,3.0,1378,3,214000
2,3.0,1151,1,166000
2,3.0,1565,1,193800
2,2.0,1352,1,208900
2,3.0,1352,1,194000
2,2.5,1550,1,207500
1,2.5,1241,1,199900
2,2.5,1250,1,164700
3,3.5,1501,8,176500
2,2.5,1458,8,176000
2,2.5,1512,7,168500
3,2.5,1573,7,177000
3,2.5,1525,7,177000
2,2.5,1102,3,148800
2,2.5,1441,8,174000
3,2.5,1950,10,239000
3,2.0,1358,8,204000
3,3.5,2048,4,301000
3,3.5,2362,9,312500
1,2.5,1494,13,279700
3,3.5,2362,27,255000
2,2.5,1432,29,194000
3,3.0,1437,31,218000
1,2.0,1295,29,213750
3,2.5,1855,31,187000
3,2.5,1262,31,181500
2,3.0,2497,26,373000
4,3.0,2620,30,190000
3,3.5,1929,6,226000
3,2.5,1152,39,143450
4,3.5,2411,37,240050
3,2.0,1082,38,162500
3,2.5,1295,39,164000
3,2.0,1610,35,185000
2,2.0,1594,14,188500
3,3.5,2075,14,255000
4,2.0,1680,31,136905
3,3.0,1093,41,158500
3,1.5,1242,34,175500
3,2.0,1052,44,127000
3,2.0,1107,40,127000
3,2.0,1214,40,143000
3,2.5,1073,42,156000
2,2.0,1344,49,144000
6,2.5,1728,43,119000
2,2.0,1224,43,103000
3,1.0,1422,47,139900
2,1.0,958,47,151500
3,1.5,1065,47,126500
3,1.5,1138,49,145000
2,1.5,912,49,120000
2,1.0,1074,51,124000
3,1.0,882,48,106500
2,2.0,1187,46,140500
3,1.0,964,46,137500
3,1.0,894,47,117600
3,2.5,1200,41,163500
3,2.0,1042,42,161000
3,2.5,1302,43,158000
5,2.5,2154,43,224500
3,1.5,1374,43,147000
3,2.5,1652,48,200000
3,1.5,1429,47,181900
3,2.0,1327,48,150750
2,2.0,1224,45,101800
2,1.0,932,57,124000
2,1.0,908,67,138500
1,1.0,334,61,39300
2,1.5,666,61,64500
2,2.0,670,62,64000
2,1.0,808,49,112000
4,2.0,1977,43,165000
2,2.0,1150,52,144000
4,2.0,1920,59,137000
3,2.0,1376,66,105000
3,1.5,1644,65,146500
4,2.0,1560,39,126000
3,2.5,1280,41,175000
3,2.0,1254,46,158500
2,1.0,912,49,114500
3,1.5,1524,49,144000
3,2.5,2380,42,129000
2,2.0,936,50,141000
3,2.0,1008,51,131000
3,2.0,1053,44,142100
3,2.0,1056,49,139000
4,1.5,1442,49,157900
3,1.5,1056,53,139400
3,1.5,1244,50,150000
3,1.0,1144,47,120000
4,1.0,1721,50,174850
2,2.0,922,50,116000
3,2.0,1048,51,135000
3,2.5,1657,37,163500
3,1.0,1411,52,130000
3,2.0,1216,52,129500
3,1.5,1154,54,142000
4,2.0,1560,49,128600
2,1.0,948,55,125000
3,1.5,1040,54,136000
2,2.0,1008,54,134500
3,2.0,925,51,127000
3,1.0,1360,52,130000
4,2.0,1540,52,115000
3,2.0,925,52,116900
2,1.0,928,51,132000
3,2.0,1647,54,153000
2,1.0,924,55,112500
3,2.0,1544,117,138000
2,1.5,893,58,135000
3,2.0,1728,54,156000
4,3.5,3086,72,301600
2,1.0,1034,67,109000
1,1.0,882,51,103200
1,3.0,1281,82,128500
4,2.0,968,80,64500
3,1.5,1534,112,148000
2,1.0,691,87,86000
4,2.5,1651,44,172000
3,1.5,888,46,120000
3,2.0,952,39,128500
5,2.5,2080,38,135000
3,1.0,924,58,122900
2,1.0,1082,59,119200
3,2.0,1846,58,143000
3,1.0,988,57,119000
3,1.5,1238,57,102000
3,2.0,864,57,129000
2,1.0,1134,47,135000
3,2.0,1040,48,152000
3,1.5,1170,49,140000
3,2.5,1242,47,152000
3,2.0,1377,47,156500
6,2.0,1800,46,141000
3,1.0,925,46,99000
3,2.5,1851,43,187000
4,2.0,1812,45,169500
2,1.0,864,45,125500
3,2.0,936,45,130000
2,1.0,960,81,103000
2,2.0,1432,97,132000
3,1.0,1296,80,127500
2,2.0,1022,85,89500
2,2.0,936,27,140000
2,1.0,967,87,99900
2,1.0,1047,122,100000
2,1.0,1072,67,130000
2,1.0,1174,107,135000
2,1.5,1183,59,120000
2,1.0,1131,70,89471
3,1.0,1141,107,85000
2,1.0,960,87,108500
4,2.5,1798,107,137000
2,1.0,866,62,110500
2,1.0,968,84,100000
3,2.5,1772,97,184900
4,2.0,1642,80,145000
3,1.0,1472,82,125000
3,1.0,1232,97,114000
5,2.0,2337,107,90000
3,2.0,1650,97,144100
5,2.0,2210,127,117500
3,1.5,1358,77,124500
3,2.0,2454,128,185000
4,2.5,2291,97,133900
3,2.0,1616,81,152000
2,2.0,1559,59,153500
3,1.5,2554,117,159500
2,1.0,1248,77,87000
2,1.0,968,51,104500
1,2.0,1382,58,110000
1,2.0,1060,82,136500
3,2.0,1435,57,128250
3,1.0,1167,87,144000
3,1.5,1635,84,210000
3,2.0,1274,68,135000
3,1.5,1232,68,128000
3,1.5,1218,66,131000
2,1.0,884,68,113000
3,2.5,1409,69,126000
4,2.0,1322,68,132000
3,1.0,1426,77,131750
2,2.0,1281,81,132500
4,1.5,1513,87,137500
2,1.0,854,78,132000
3,1.0,1367,76,127500
2,1.0,986,81,102000
4,2.5,2264,89,200000
3,1.0,1824,88,180500
3,1.0,1376,87,165000
4,1.0,1316,81,90000
3,1.0,1396,92,153575
3,2.5,1344,78,140000
5,2.0,2526,91,136000
3,2.0,1173,106,113000
2,1.0,1214,106,117000
4,1.5,1818,76,169500
3,1.0,1108,77,139400
5,3.0,2294,44,202500
3,1.5,1355,93,127000
3,1.5,1375,70,141000
4,1.5,1952,57,212300
3,1.5,2180,92,161000
3,3.0,1315,49,99500
3,1.0,1111,87,101000
2,2.0,1196,91,109900
2,1.5,1382,66,128500
4,1.5,1889,97,122000
3,1.0,840,77,87000
3,2.0,1484,97,50000
3,2.5,2267,70,219000
3,3.0,3086,61,200500
3,2.5,1134,67,126000
2,2.0,1282,65,108500
3,2.0,999,44,130000
2,2.0,1452,43,158450
3,2.0,1005,43,115400
3,2.0,1029,46,118500
3,2.5,1020,43,165000
3,2.0,1040,41,123000
3,2.0,913,41,129000
3,1.0,894,41,125000
3,1.0,948,39,108000
2,2.0,868,36,119900
3,1.0,897,39,115000
2,2.0,943,40,134500
3,2.0,955,41,127000
3,1.0,894,39,129000
3,1.5,1285,30,143500
3,2.0,912,41,129000
3,2.0,1375,51,187000
4,3.0,2654,87,158000
3,2.0,1416,89,112000
2,1.5,1302,67,165250
3,1.0,1299,53,150000
3,2.0,1176,49,137000
3,1.0,998,62,89500
2,3.0,1824,36,302000
3,2.0,1522,23,182000
4,3.0,2060,19,211000
3,2.0,1325,59,216000
3,2.0,1630,54,130000
2,1.0,1242,61,109900
4,3.0,2422,53,255000
4,3.0,2158,57,243000
3,1.5,1626,53,154000
3,1.5,864,49,118000
3,1.0,943,49,80000
4,4.0,1440,30,150000
2,2.0,605,87,86000
2,2.0,1038,23,130000
4,2.0,1342,56,125000
4,2.0,1480,56,136500
4,2.0,1362,87,96000
3,1.0,1340,50,120000
4,2.0,1822,23,228500
3,3.0,1442,17,179900
4,3.5,2243,17,225000
4,3.5,2730,21,301000
4,3.5,2127,16,238000
3,2.5,1982,18,228500
3,3.5,1958,13,220000
4,3.5,2696,0,383970
4,4.0,2828,1,424870
3,2.0,1651,0,250000
3,2.5,2140,1,360000
3,2.0,1494,1,279500
3,2.0,1316,0,200141
3,2.0,1651,0,246500
3,2.5,2574,0,276000
3,3.0,1274,2,203000
3,2.5,1456,1,155835
2,2.0,1240,1,194000
2,3.0,1208,0,195400
3,2.0,1546,2,217000
3,2.0,1500,1,212999
2,2.0,1270,2,175900
3,2.5,1795,2,191000
3,2.0,1314,1,176432
3,3.5,2062,19,277000
3,3.5,1873,19,207000
4,2.5,2144,49,277000
3,3.5,1953,15,240000
5,2.5,2087,41,187500
0,2.5,1743,31,279000
3,1.5,1022,13,139500
3,1.0,990,13,126000
3,3.0,1200,12,177500
3,3.5,1308,10,175000
3,3.5,1796,9,211000
3,2.0,990,13,146000
3,2.5,1097,11,147900
3,2.0,990,13,123600
3,3.5,1786,10,204750
3,2.5,1873,8,235500
3,3.5,1753,9,217000
3,2.5,1690,6,190550
3,3.5,1842,7,217500
3,3.0,1479,4,226000
3,2.5,1668,4,180000
3,1.0,894,33,131000
3,2.0,1025,31,153500
3,2.0,1009,30,160000
3,1.5,1040,30,134900
3,2.0,907,30,130000
3,1.0,879,32,120000
3,2.0,882,35,112500
3,1.5,969,32,122000
3,2.0,864,35,127000
3,1.0,875,35,117000
3,3.0,2000,3,305900
3,2.5,2169,5,228500
3,3.0,1673,7,270000
3,2.0,1459,5,192000
3,3.5,1932,4,213000
3,2.5,1729,5,200000
4,2.5,2452,9,267000
3,2.0,1592,13,228000
4,3.5,2439,6,275000
3,3.5,1992,11,211000
3,3.0,1668,5,285000
3,3.5,2090,12,240000
1,2.0,848,4,131500
1,2.5,1341,8,246900
4,2.5,1928,4,219500
3,3.0,1337,4,185000
3,2.5,1476,0,179400
3,2.5,1797,1,213500
3,2.0,1422,3,179600
2,3.0,1190,2,173500
3,2.0,1330,1,167840
3,2.5,1491,1,168675
3,2.5,1536,2,167000
2,2.0,1214,42,140000
2,2.0,936,40,118500
2,1.0,1088,44,110000
3,2.0,960,42,94750
3,2.0,1351,82,122000
2,1.0,1179,47,110000
3,2.0,816,17,118500
3,2.0,1044,31,133500
3,2.5,1113,31,148000
5,2.5,2233,28,141000
2,1.5,1125,1,155000
2,2.5,1090,2,157000
3,3.5,1408,2,171500
2,4.0,5095,0,183850
3,4.5,4676,0,184750
2,2.0,1072,2,140000
2,2.0,960,48,131750
2,2.0,1152,52,61500
3,1.0,948,53,111000
4,2.0,1195,61,98500
3,1.0,774,76,79000
2,2.0,865,87,108500
3,1.0,894,53,110000
2,1.5,1346,97,112000
2,1.0,768,52,125000
3,2.0,864,52,79275
3,2.0,948,53,119000
8,2.0,3395,93,200000
6,4.0,2592,84,150000
3,1.5,1502,84,165000
2,1.0,789,81,96500
3,1.0,1422,81,136500
2,2.0,1298,86,146500
3,2.5,1768,70,175000
2,2.0,1098,77,148500
3,1.0,1436,86,141500
3,1.5,1426,89,189950
3,1.0,1461,81,135000
4,2.0,1646,66,164000
2,1.0,694,94,90350
3,2.0,1250,97,139000
2,1.0,954,69,119750
4,2.0,1958,61,145000
4,2.0,2002,58,145000
4,2.5,1718,80,238000
2,1.5,1226,56,153500
4,3.5,2624,89,239000
4,2.5,3194,73,359100
4,2.0,1755,77,188000
3,1.5,1991,75,220000
3,2.0,1355,66,140000
3,2.5,2727,75,315000
3,3.5,2320,62,259500
3,3.0,1839,50,257500
3,1.5,1740,67,219500
3,3.0,2259,54,217000
3,1.5,1560,47,201000
3,2.5,1488,39,215000
2,1.0,1045,27,123900
4,2.0,1680,12,170000
1,2.0,1020,19,200000
3,2.0,1696,36,198000
4,4.0,2515,50,200624
2,2.5,2726,21,315000
3,2.0,1517,88,115000
3,1.0,1215,67,141000
2,1.0,803,66,87000
3,2.0,1601,82,129850
3,1.0,1123,68,100000
3,2.0,1828,84,150909
2,1.0,816,85,75200
2,1.0,1012,87,118400
2,1.0,1077,87,67000
4,1.5,1558,57,152000
1,1.0,845,68,68104
4,2.0,1991,112,119600
3,2.0,1073,50,140000
2,1.0,1001,77,124900
2,3.5,1625,1,375000
2,3.5,1625,1,235000
2,3.0,1299,28,183500
2,2.0,912,29,156000
3,1.5,1080,24,134000
3,2.0,1392,5,215000
1,2.5,1409,5,245000
3,3.0,1478,16,210000
3,1.5,918,32,148000
2,2.0,1026,33,143000
2,3.0,1501,20,244000
1,2.5,1502,9,330000
2,2.0,1328,48,170000
4,2.5,2279,49,257000
3,2.0,1689,1,231713
2,2.0,1564,1,267300
2,2.0,1484,1,265900
3,2.0,1571,0,239000
3,2.0,1646,1,248900
3,2.5,1240,22,174000
3,2.5,1717,17,187500
3,3.5,1756,11,204000
2,2.0,1312,6,180500
3,3.0,1146,4,187500
2,3.0,1922,5,282000
3,2.0,1491,11,178000
3,3.0,1629,5,270000
5,4.5,2486,4,279900
3,2.5,1572,44,186700
3,3.0,1776,1,283463
3,2.0,1824,1,392000
4,2.5,2482,2,281213
3,1.0,1120,0,147000
2,1.0,2034,54,130000
0,2.5,936,11,140000
3,2.0,1040,44,132250
4,2.0,1632,40,143000
3,2.0,1622,46,168000
3,2.0,1060,31,129900
3,2.5,1142,31,134000
3,1.5,1092,35,85500
2,2.0,992,37,106500
3,1.5,1092,37,93900
3,1.5,1092,37,75000
1,2.0,630,37,84500
3,1.5,1092,31,75190
3,2.0,1062,31,146800
1,2.0,1008,30,153500
3,4.0,1356,30,188000
3,2.5,1676,30,196000
3,2.5,1432,30,157000
2,1.5,796,36,138000
2,2.0,768,37,129500
3,1.0,1608,46,80000
2,2.0,845,25,129500
3,2.5,1178,31,135000
2,1.0,816,25,124500
2,2.0,816,24,139000
3,1.0,974,16,93500
3,1.5,887,23,124500
2,3.0,1293,52,149900
2,2.0,1024,50,157500
3,1.5,1797,49,169000
1,2.5,1390,49,252000
3,2.0,1851,37,192100
3,3.5,1525,9,183500
4,2.5,2236,9,222000
3,2.5,1671,11,170000
3,2.5,1498,11,187500
3,2.5,1776,10,202000
3,3.5,1511,9,185000
4,3.5,2462,1,320000
3,2.0,1670,0,240000
4,2.5,2064,1,250000
3,2.5,1801,1,239900
3,3.5,2212,1,309000
3,2.5,2021,0,274725
4,2.5,2687,12,270000
3,2.5,1169,13,183500
3,2.5,1501,13,165600
3,2.5,1632,8,176500
2,2.0,1204,19,130000
2,3.0,1767,19,239000
2,3.0,1742,21,275000
3,4.5,2798,1,457347
5,3.5,3390,0,545224
4,2.5,2473,0,356383
4,3.5,2868,1,556581
4,2.5,2576,0,361919
4,3.5,2698,0,535000
4,3.5,2795,1,401179
3,3.5,2945,0,438780
2,2.0,2320,58,169000
3,2.0,1056,51,145000
2,3.0,1714,1,318000
3,3.0,1826,1,319000
3,3.5,2000,1,470000
3,3.0,1621,22,202500
4,2.5,2183,18,229000
3,3.5,2263,29,235000
3,3.5,1574,30,190000
2,2.0,1102,26,169000
3,2.5,1872,18,241500
4,2.5,1857,28,188900
3,3.0,1686,26,207500
5,4.5,2784,28,250000
3,3.5,1552,31,179900
2,2.0,1083,30,172000
3,3.5,2318,1,294323
3,3.0,1875,31,184500
3,2.5,1074,31,153500
4,2.5,1664,30,162900
3,2.5,1309,32,181000
3,2.0,1103,32,155000
3,2.0,1096,37,138800
3,1.0,864,36,116050
3,1.0,858,35,88000
3,1.5,874,35,97500
2,3.0,1419,4,190000
3,1.5,1092,33,105500
3,1.5,1365,33,125500
2,1.5,987,33,83000
3,1.5,1030,34,116000
3,1.5,1218,35,91500
3,2.0,1218,34,118000
2,1.5,948,34,89000
3,1.5,1092,34,108000
2,1.5,987,34,94500
2,2.5,1069,31,146300
3,2.0,1387,39,145000
3,2.0,900,39,123000
2,3.0,1055,30,137500
3,2.5,1456,30,144000
3,3.0,1980,2,315000
4,3.5,2589,0,412083
4,3.5,2596,0,342643
2,2.0,1618,2,252000
2,3.5,2076,0,465000
4,2.0,1740,0,293000
2,3.0,1868,1,415000
3,3.0,1850,2,326000
4,3.5,2376,1,325300
4,3.5,2452,2,309000
4,2.5,2206,1,300000
3,2.5,2098,1,275500
3,3.5,2091,1,338500
4,4.0,2324,1,345000
3,2.5,2253,1,344133
4,2.5,2389,0,298236
4,3.5,2358,1,329900
3,3.0,1944,3,360000
3,2.5,1970,0,281000
2,3.0,1792,1,372397
2,3.0,1780,2,378000
2,3.0,1792,3,374000
4,3.5,2728,1,437154
3,3.5,1904,1,275000
3,3.5,1914,2,279000
2,3.0,1364,1,185850
2,3.0,1565,1,282500
2,2.0,1368,1,202500
2,2.0,1368,1,202665
1,3.0,1686,0,332200
2,3.0,1666,0,310090
2,2.0,1405,3,171750
3,2.0,1316,1,169990
3,2.5,1456,1,170440
3,2.5,1492,0,169985
3,3.5,1496,0,179665
4,2.5,1863,0,219210
3,2.0,1326,0,174190
3,2.5,1456,0,172785
4,2.5,2373,2,258000
3,2.5,1492,0,185101
2,3.0,1364,0,210250
2,2.0,1557,3,234000
2,2.0,1456,3,215000
2,3.0,1511,4,246990
2,2.0,1414,2,178740
2,3.0,1548,2,225000
2,2.0,1248,1,167240
2,2.0,1142,1,156820
2,2.0,1506,1,213490
1,3.0,1567,0,264561
2,3.0,1500,0,246578
4,2.5,1838,1,192140
3,3.5,1509,4,183200
3,2.5,1414,2,178000
3,2.5,1598,2,201490
3,2.5,1936,6,230500
3,2.5,1509,3,180000
3,2.5,1664,6,172400
3,2.5,1889,6,215000
4,2.5,1886,8,199900
3,3.5,1671,6,173000
4,3.5,2322,0,287602
4,2.5,2291,7,230000
3,3.5,2392,9,348000
3,3.5,1976,8,286000
3,3.5,2234,6,300000
4,4.5,3627,11,625000
4,3.5,2855,6,405000
3,3.5,1924,8,280000
4,2.5,2263,8,258000
4,2.5,2726,11,350000
4,4.5,3500,13,584500
4,3.5,2494,12,321000
4,3.5,2526,12,290000
3,3.5,2799,13,315000
3,2.5,1964,1,252000
2,3.5,1670,0,336820
1,2.5,2097,1,423000
3,3.0,1660,0,290000
3,2.0,1616,1,232000
3,2.0,1504,0,199000
2,2.0,1278,0,198600
3,4.5,2640,0,405749
3,2.0,1489,0,232600
3,2.5,1939,0,266000
3,2.5,1553,1,186500
3,2.5,1716,1,200825
3,2.5,1576,0,197000
2,2.0,1262,0,185000
3,2.0,1266,1,176000
2,3.0,1301,0,187750
3,1.5,1142,1,139500
3,2.0,1400,1,186800
3,1.5,1131,1,132000
3,1.5,1141,1,142500
3,2.5,1158,2,158000
3,2.5,1686,1,184000
3,2.5,1585,1,184900
3,2.5,1837,9,187000
3,2.5,1603,14,175900
3,3.5,1731,14,248500
2,3.0,1398,16,172000
2,2.0,1217,15,151000
3,2.5,1320,12,150000
2,2.0,1056,40,107000
3,2.0,965,41,119900
3,2.0,988,44,129500
6,3.0,1728,43,125000
4,2.0,1654,29,119500
2,1.0,1211,44,144000
3,2.0,1212,29,151000
3,1.0,984,41,126000
3,1.0,909,38,116000
2,2.0,925,43,133500
3,1.5,1024,41,120875
3,2.0,935,41,137000
3,1.0,912,42,124000
3,1.0,1236,45,135000
3,1.0,941,39,129200
3,4.0,2646,32,260000
4,2.5,2417,15,260000
3,3.5,2826,14,334000
5,3.5,2520,13,310000
4,3.5,2295,14,268000
2,3.0,1624,12,262000
1,1.5,1143,2,176400
1,2.5,1247,1,197000
2,2.5,1200,1,151000
2,2.5,1223,1,147400
2,2.5,1223,1,149900
2,2.5,1200,1,144152
2,2.5,1524,6,166000
3,3.5,1452,7,183900
3,3.5,1382,6,165000
2,2.5,1080,3,139000
3,2.5,1694,9,200000
3,2.0,1568,5,221000
2,2.5,1494,11,270000
3,2.5,1208,29,165000
1,2.0,1235,26,214000
1,2.0,1036,26,188000
1,2.0,1226,26,190000
1,2.0,1226,28,170000
0,2.5,1842,25,385000
2,3.0,1193,34,146500
4,3.0,1920,38,170000
3,2.0,2156,38,262500
3,2.5,1416,38,179900
4,3.5,2654,38,250000
4,3.0,1790,34,165150
3,3.0,1334,39,164500
3,1.5,1164,37,140000
3,2.0,980,39,135500
3,2.0,1051,38,142000
4,2.5,1770,38,155000
2,2.0,976,38,157500
3,2.5,1052,38,138500
3,2.0,898,38,140000
3,2.0,1051,40,124400
3,2.0,1141,39,158000
1,2.5,1200,41,146000
4,2.5,1993,35,190000
3,2.0,1050,45,136500
3,2.0,864,48,129900
4,2.0,1712,47,145000
3,3.0,1565,41,185900
3,2.0,1251,42,160000
3,2.5,1488,42,167000
4,1.5,1440,42,157500
2,2.0,1095,48,140000
3,2.0,1053,48,150000
3,2.0,1248,46,151500
2,2.0,816,72,129800
2,1.0,1008,52,137000
2,1.0,1043,59,137000
3,2.5,1230,60,121600
2,1.0,869,83,85500
1,1.0,747,80,79900
3,1.0,1252,98,127000
3,2.0,1433,45,161000
2,2.0,1624,54,146500
3,2.0,1216,55,135000
4,2.0,2136,55,137900
3,2.0,1578,65,133000
3,1.5,1728,57,137000
2,1.0,936,52,121000
4,2.0,1584,39,119000
3,2.0,1246,42,172000
2,1.0,1235,45,98600
4,2.5,2157,40,226000
2,1.0,1128,52,118000
4,3.5,3112,88,235000
2,1.0,1008,43,135000
3,2.0,1190,44,132500
3,2.0,1144,47,143000
3,1.5,1364,49,132000
3,1.5,1383,46,145250
3,1.5,1336,48,162000
3,2.0,1370,50,148000
2,2.0,1092,49,141000
3,2.0,1124,50,153000
2,1.5,1236,49,134450
2,2.0,943,27,135960
3,2.0,1050,52,156000
2,1.0,1375,52,140000
2,2.0,1008,54,139500
2,1.5,1575,55,155000
3,1.0,1145,50,127000
2,1.0,1005,50,133500
3,2.5,1056,51,125000
2,2.0,884,55,142000
3,2.5,2039,65,167000
2,2.0,1384,50,159000
5,4.5,2640,81,180000
3,1.5,1312,59,127000
2,2.0,1310,82,112000
2,1.0,713,76,99800
2,1.0,833,52,117000
2,1.0,1073,85,108480
2,1.0,715,77,68000
1,1.0,720,106,86900
2,2.0,1130,86,120000
3,2.0,1595,91,155500
4,1.5,1760,96,80000
3,1.0,1214,91,105000
3,2.0,2414,106,160000
3,2.5,1466,70,170000
3,2.0,1324,41,160000
3,2.0,1086,40,159950
3,1.5,1146,43,165000
3,1.5,1734,44,159000
3,1.5,1207,44,147000
2,1.0,912,42,115000
3,1.5,1194,47,159500
2,2.0,864,47,120000
2,2.0,816,49,129900
3,3.0,1773,45,183000
2,2.0,1472,47,157500
3,4.0,2448,44,277500
2,2.0,1600,49,207500
3,1.5,1521,56,147500
4,1.5,1192,57,135000
2,1.0,1040,56,109500
2,1.0,1040,56,109900
3,1.0,1040,47,133700
2,2.0,1040,56,81400
2,2.0,1040,57,87500
2,2.0,1040,56,93500
4,2.0,1556,46,119000
3,2.0,1150,47,141000
3,1.0,1150,45,146000
3,1.5,1348,40,155000
3,2.0,999,44,134500
3,2.0,1045,44,120000
3,1.5,864,44,105000
3,2.0,1025,44,124000
5,2.0,2014,106,169000
3,1.0,1328,81,107000
3,2.0,1668,58,135000
4,1.0,1657,86,111500
3,1.5,1416,106,156500
3,2.0,1641,81,178000
4,2.0,1428,106,139900
2,1.0,1004,76,105000
2,1.0,813,76,110000
4,2.0,1951,106,111500
2,1.0,1032,82,108000
2,1.0,844,81,111500
3,1.0,1750,126,124000
2,1.0,864,56,105000
2,1.0,1118,86,116000
2,1.0,1376,101,96900
3,2.0,960,51,135500
5,1.5,1566,82,139000
1,2.0,492,85,61500
3,1.5,1182,61,120000
3,2.0,1163,51,126175
2,1.0,840,86,64000
4,2.0,1928,96,137000
4,3.0,1774,106,87000
2,1.5,1768,92,163000
5,2.0,2104,96,155000
3,1.0,1440,106,79000
3,1.0,1690,90,144000
3,1.0,1368,96,114504
4,2.5,1762,86,157000
4,1.0,1200,83,125000
4,2.5,3608,114,475000
2,2.0,1248,86,93500
3,1.0,960,48,125000
2,1.0,1020,88,64500
2,1.0,788,65,100000
3,1.0,1577,67,140200
2,1.0,1827,82,202500
3,2.0,1664,59,159000
3,2.0,1118,67,119900
3,1.0,1176,72,114500
3,1.0,1344,70,115000
3,2.0,1162,76,75000
3,1.0,1015,81,88000
2,1.0,912,59,80500
3,1.0,1576,78,149000
3,1.0,1324,76,110000
2,1.0,1103,81,110500
2,1.0,616,85,89000
2,1.0,1048,84,113000
2,1.0,816,81,109000
5,2.0,2486,44,220000
3,2.0,960,36,129000
2,1.0,1635,96,117000
2,1.0,693,65,52500
3,2.0,1430,82,107000
3,1.0,1330,96,116500
2,1.0,819,87,72000
3,2.0,1376,69,119500
2,1.5,1360,68,125500
3,1.0,1077,84,91000
2,2.0,754,71,84500
3,1.0,984,76,90000
3,2.0,1422,55,137500
4,2.0,1921,42,150000
3,1.0,1640,56,131000
3,1.5,1352,48,130000
2,1.0,1032,71,125000
2,1.0,879,70,80000
2,3.0,1073,2,157000
3,1.5,1382,43,148000
2,2.0,1296,39,90000
3,1.5,1068,43,154500
3,1.5,1064,39,153600
3,2.0,1320,40,164500
2,1.5,934,42,132000
3,2.0,1059,40,142500
3,1.5,1159,38,158000
3,1.5,1400,28,149500
3,2.5,1458,39,165000
3,2.5,1721,38,180000
3,2.0,1040,28,160500
6,2.0,1967,29,156500
6,2.0,1949,29,157000
4,3.0,1920,48,172500
3,3.0,1803,49,155000
3,2.5,1779,51,170000
2,1.0,872,82,105000
0,1.5,960,41,145000
3,2.5,1437,50,168000
2,2.0,1830,39,278000
1,2.0,1000,43,164000
3,2.0,2287,53,225000
2,2.0,810,35,130000
3,2.0,894,32,142500
2,3.5,1700,26,148400
2,2.5,1453,20,190000
3,1.5,1350,52,146000
3,1.0,1150,64,128000
3,4.0,2008,58,225000
4,2.0,2201,40,274970
4,2.0,2009,78,235000
5,3.5,3672,71,415000
3,2.5,1560,44,182000
3,1.0,1488,54,135000
3,1.5,1057,51,137000
4,2.0,1855,52,136900
5,1.5,1609,53,149900
2,1.5,1148,54,123500
3,1.0,1124,52,93000
4,2.5,1456,58,91500
3,3.0,1298,21,180000
4,2.5,2559,17,209000
3,2.5,1911,13,215000
2,4.0,1440,13,224500
3,2.5,1876,1,229800
2,2.0,1208,1,183600
2,3.0,1220,0,194000
2,2.0,1294,0,193879
3,2.0,1614,1,221500
2,2.0,1498,0,204900
3,2.5,1962,0,239799
3,3.0,1846,0,233555
3,3.0,1734,1,260000
2,3.5,1590,1,294900
3,2.5,1809,1,209700
3,2.0,1614,1,225000
3,2.5,1596,1,181000
3,3.5,1915,14,220000
4,2.5,1582,42,190000
1,2.0,988,37,180000
2,3.0,1533,31,280000
3,3.0,1388,38,158900
2,1.0,914,10,148000
3,1.5,1100,10,145000
3,2.5,1499,11,187000
3,3.0,1425,8,193000
3,1.5,990,11,156000
3,3.0,1525,6,235000
3,3.0,1494,9,217000
3,2.0,1588,7,214000
3,2.5,1749,7,196000
3,3.5,1779,7,217000
3,3.5,1861,4,200000
3,2.5,1776,4,192500
3,2.0,1541,5,205000
3,1.0,954,30,132500
3,1.5,1388,29,157500
3,2.5,1282,28,174000
3,1.5,971,37,128500
3,1.0,864,34,128500
3,2.0,894,34,149900
3,1.0,864,34,119900
3,2.5,1320,13,137000
3,3.5,1989,4,255000
3,2.5,1762,4,222000
3,3.5,1755,7,214000
1,2.5,1358,4,220000
3,2.0,1787,5,275000
4,2.5,1909,4,197000
3,3.0,1654,4,230000
3,3.5,2214,7,268500
4,2.5,2049,10,210900
3,3.0,1939,8,227000
4,3.5,1995,11,237000
3,3.5,2097,8,274300
3,2.0,1836,2,216837
1,2.0,848,3,133000
1,2.0,848,2,155900
3,2.5,1919,0,233230
3,3.0,1390,3,207000
4,2.5,1948,2,195000
3,3.0,1700,3,200000
3,2.5,1737,0,203160
3,2.5,1611,1,195800
3,2.0,1552,1,212900
3,2.5,1720,2,196500
3,3.0,1336,1,198000
3,2.5,1500,1,173900
3,2.5,1456,1,163990
3,2.0,1310,1,164990
3,3.0,1436,96,98000
3,1.5,1466,47,149900
2,1.0,1220,55,102000
4,3.0,1012,31,127500
4,3.0,980,31,127500
2,2.0,1176,37,119900
3,2.5,1724,3,196500
2,2.0,914,4,117250
3,2.5,2314,3,229000
2,2.0,1072,1,145000
2,3.0,1072,1,140000
2,2.0,1072,1,142500
3,2.0,1709,2,134000
3,2.0,1709,2,130000
3,2.0,1709,2,130000
3,2.0,1709,2,137500
3,2.0,1708,2,130000
3,1.0,936,58,97900
3,2.0,1338,91,92000
4,1.5,1669,82,107000
5,1.0,1184,96,81000
4,2.0,1221,82,104900
2,2.0,864,51,115000
3,2.5,1482,52,125000
3,2.0,1250,88,116000
3,1.0,1414,84,83000
5,2.0,2230,94,118500
1,1.0,498,84,35000
3,1.0,1273,96,121000
5,2.0,1928,90,160000
2,1.0,1595,66,140000
3,3.0,1551,68,137000
3,2.0,1340,61,128000
3,2.0,1479,80,160000
4,1.5,1784,92,138887
3,1.0,1510,86,149000
4,2.0,1522,80,102000
4,1.5,1636,87,167000
4,1.5,1802,86,200100
3,2.0,1465,67,131000
4,1.0,1288,65,112000
3,2.0,1717,91,140000
3,1.5,1550,86,195000
3,1.0,1517,77,230000
2,1.5,1717,66,194000
2,1.0,1180,84,137500
3,1.5,2057,70,250000
4,2.0,1671,77,218000
4,2.5,2345,74,239000
3,1.5,1609,74,199500
3,1.5,1801,76,210000
2,1.0,1811,50,230000
3,3.0,1647,29,217500
4,3.0,2315,56,257000
2,2.0,1336,53,157000
3,3.0,1844,37,223000
2,2.0,976,64,102000
3,1.5,1285,80,145400
2,1.0,672,81,72000
2,1.0,641,81,85000
2,1.0,951,70,106500
4,2.0,1638,49,139000
3,1.5,1336,86,108000
2,1.0,729,61,51689
1,1.0,480,57,35311
4,2.0,1396,55,115000
2,1.0,936,90,78000
2,4.0,1778,1,375000
2,3.5,1646,2,300000
3,2.5,1625,27,242500
4,2.0,1664,28,145000
3,2.0,1491,5,209000
2,2.0,1004,29,135000
3,3.0,1210,31,148000
5,3.0,1959,18,171000
4,3.5,2519,17,335000
2,2.0,1295,20,230000
2,2.0,1650,48,250764
2,2.5,1707,25,228000
2,3.0,1137,19,176000
2,3.0,1339,16,180000
4,2.5,2514,16,250000
2,3.0,1403,6,202000
3,3.0,1800,4,312500
3,3.0,1960,1,320000
2,3.0,2028,1,369900
3,3.0,1838,1,359900
3,1.5,1600,55,81500
2,4.0,1368,9,215000
2,3.0,1216,8,164000
2,3.0,1337,8,153500
3,1.0,1140,0,84500
3,1.5,1304,29,104500
4,2.0,1475,29,127000
5,3.5,2521,33,151400
3,2.0,874,38,126500
4,2.0,1652,36,146500
1,2.0,630,36,73000
3,1.5,1092,34,79400
3,2.0,1360,37,140000
1,2.0,630,36,92000
3,1.5,1092,36,87550
3,1.5,1092,36,79500
3,1.5,1092,36,90500
3,1.5,1092,36,71000
4,2.0,1728,30,150900
4,4.0,1728,30,188000
3,3.0,1126,29,160000
4,2.0,1224,46,131000
3,2.0,1003,22,142500
2,2.0,902,23,131000
3,1.5,970,14,132000
2,2.0,1389,32,170000
3,2.5,2000,13,188000
